seed,weight,测试1_01,测试1_02,测试1_03,测试1_04,测试2_01,测试2_02,测试2_03,测试2_04,测试3_01,测试3_02,测试3_03,测试3_04,测试4_01,测试4_02,测试4_03,测试4_04,检测到4个孔的图片数,4/4检测率,目标孔最低confidence,目标孔平均confidence,测试3反光孔confidence,漏检孔数,conf>=0.5误检数,conf=0.05额外低分检测数
0,best,0.9661,0.963,0.9947,0.9976,0.9603,0.9862,0.9955,0.9966,0.9958,0.9858,0.7932,0.975,0.9958,0.9893,0.9958,0.9977,4/4,100.0%,0.7932,0.9743,0.7932,0,0,2
0,last,0.9709,0.9429,0.9886,0.9943,0.9574,0.9779,0.9922,0.9927,0.9913,0.9782,0.6427,0.9325,0.9915,0.9819,0.9914,0.9949,4/4,100.0%,0.6427,0.9576,0.6427,0,0,6
42,best,0.9864,0.9943,0.977,0.983,0.9977,0.9966,0.9923,0.9199,0.9707,0.9661,0.8011,0.8873,0.9879,0.9855,0.9675,0.9664,4/4,100.0%,0.8011,0.9612,0.8011,0,0,2
42,last,0.9742,0.9936,0.9396,0.9912,0.997,0.9965,0.982,0.9363,0.9818,0.9816,0.799,0.886,0.9886,0.9802,0.9708,0.9726,4/4,100.0%,0.7990,0.9607,0.799,0,0,3
123,best,0.9775,0.9825,0.9537,0.9728,0.9944,0.9768,0.9717,0.9858,0.9875,0.9045,0.6337,0.9054,0.9847,0.9734,0.9598,0.9628,4/4,100.0%,0.6337,0.9454,0.6337,0,0,0
123,last,0.9775,0.9825,0.9537,0.9728,0.9944,0.9768,0.9717,0.9858,0.9875,0.9045,0.6337,0.9054,0.9847,0.9734,0.9598,0.9628,4/4,100.0%,0.6337,0.9454,0.6337,0,0,0
7,best,0.992,0.9787,0.9862,0.9693,0.9868,0.9925,0.9914,0.9851,0.9881,0.9734,0.682,0.9397,0.9834,0.9674,0.9684,0.9751,4/4,100.0%,0.6820,0.9600,0.682,0,0,2
7,last,0.9892,0.9813,0.9732,0.9593,0.985,0.9878,0.9805,0.9774,0.9838,0.9565,0.6641,0.9448,0.9763,0.9565,0.9593,0.9718,4/4,100.0%,0.6641,0.9529,0.6641,0,0,5
2024,best,0.9869,0.9624,0.9313,0.964,0.9849,0.9852,0.9791,0.8822,0.9852,0.7724,0.6233,,0.9896,0.9463,0.8743,0.9268,3/4,75.0%,0.6233,0.9196,0.6233,1,0,0
2024,last,0.9862,0.9291,0.9579,0.9739,0.9806,0.9839,0.9663,0.9725,0.9943,0.8425,0.6821,,0.9972,0.9695,0.8938,0.9431,3/4,75.0%,0.6821,0.9382,0.6821,1,0,4
